accuracy,precision,recall,f1_score,num_train_samples,num_test_samples,positive_ratio
0.9077733860342556,0.9421326397919376,0.9229299363057325,0.9324324324324325,18215,4554,0.6895779349115024
